ABL1 (E255K),CAMK2A,HIPK2,MAP4K5,NRK,PRKG2
ABL1 (F317I),CAMK2D,HIPK3,MARK3,NUAK2,RET (M918T)
ABL1 (F317L),CAMK2G,HIPK4,MAST3,PAK6,RET (V804L)
ABL1 (H396P),CHEK1,HUNK,MAST4,PDGFRA (V561D),RET (V804M)
ABL1 (M351T),CHEK2,ICK,MERTK,PHKG2,RIPK1
ABL1 (Q252H),COQ8B,IGF1R,MET (D1228H),PIK3C3,RON
ABL1 (Y253F),CSNK1A1L,INSR,MET (D1228N),PIK3CA,SBK3
ABL2,CSNK1D,IRAK1,MET (F1200I),PIK3CA (C420R),SGK1
ACVR1,CSNK1E,JAK2,MET (M1250T),PIK3CA (E542K),SGK2
ACVR1 (G328V),CSNK2A1,JAK2 (V617F),MET (P991S),PIK3CA (E545A),SNRK
ACVR1 (G356D),DAPK2,JAK2-JH1 Domain,MET (T992I),PIK3CA (E545K),SRMS
ACVR1 (Q207D),DCLK3,KIT (A829P),MET (T1173I),PIK3CA (H1047L),STK10
ACVR1 (R206H),DDR2 (N456S),KIT (D816H),MET (V1092I),PIK3CA (H1047R),STK17B
ACVRL1,DMPK,KIT (D816V),MET (Y1230A),PIK3CA (H1047Y),STK24
ADK,DYRK1A,KIT (L576P),MET (Y1230C),PIK3CA (I800L),STK26
AKT1,EIF2AK4K2,KIT (V559D),MET (Y1230D),PIK3CA (M1043I),STK3
AKT1 (E17K),EPHA3,"KIT (V559D, T670I)",MET (Y1230H),PIK3CA (Q546K),STK32A
AKT2 (E17K),EPHB1,"KIT (V559D, V654A)",MET (Y1235D),PIK3CB,STK35
AKT3 (E17K)),ERN2,LIMK1,MKNK2,PIK3CD,STK36
AKT3 (G171R),FES,LRRK2,MLTK,PIKFYVE,STK38L
ALK,FGFR3 (G697C),LRRK2 (G2019S),MOK,PIM3,STK4
ALK (C1156Y),FLT1,LRRK2 (I2020T),MYLK3,PIP4K2C,TGFBR2
ALK (L1196M),FLT3 (D835H),LRRK2 (R1441C),MYLK4,PIP5K1B,TLK1
BLK,FLT3 (D835V),MAP2K5,NEK1,PLK2,TLK2
BMPR1A,FLT3 (D835Y),MAP2K6,NEK11,PLK3,TNK2
BRAF (V600E),FLT3 (K663Q),MAP3K13,NEK4,PRKAA1,TNNI3K
BRSK1,FLT3 (N841I),MAP3K19,NEK5,PRKAB1,TSSK1B
CAMK1,FLT3 (R834Q),MAP3K2,NEK6,PRKACB,TYRO3
CAMK1D,GSK3A,MAP3K21,NIM1K,PRKAG1,ULK3
CAMK1G,GSK3B,MAP3K3,NLK,PRKCE,WEE2
